room_reservation_id,reservation_ref_no,room_no,reserved_date,booking_status,room_type,negotiated_price,no_of_occupant,no_of_adults,no_of_children,no_of_children_above_six,no_of_extra_beds,negotiated_extra_bed_rate,ep,ep_count,ep_rate,cp,cp_count,cp_rate,map_lunch,map_lunch_count,map_lunch_rate,ap,ap_count,ap_rate,total_room_amount,room_rate,total_without_tax,breakfast_count,lunch_count,dinner_count,breakfast_price,lunch_price,dinner_price,other_meal,other_meal_count,other_meal_rate,bst,service_charge,reservation_status,entered_by,map_dinner,map_dinner_count,map_dinner_rate,schedule_type,cnb_count_six_to_ten,cnb_count_below_six,foc
10654,RES_29042026_01596,307,2026-06-07,open,Deluxe Double,1662.34,3,3,0,0,1,588.74,f,0,0.00,f,0,0.00,f,0,0.00,f,0,0.00,4820.02,1662.34,4173.18,3,0,3,277.06,363.64,363.64,f,0,0.00,1.00,1.00,reserved,,t,3,1922.10,multiple,0,0,f
10653,RES_29042026_01596,204,2026-06-01,open,Deluxe Double,1662.34,3,3,0,0,1,588.74,f,0,0.00,f,0,0.00,f,0,0.00,f,0,0.00,4820.02,1662.34,4173.18,3,0,3,277.06,363.64,363.64,f,0,0.00,1.00,1.00,reserved,,t,3,1922.10,multiple,0,0,f
11240,RES_25052026_01776,205,2026-06-11,open,Deluxe Double,1662.34,2,2,0,0,0,935.06,f,0,0.00,f,0,0.00,f,0,0.00,f,0,0.00,3450.01,1662.34,2987.02,2,0,2,277.06,385.28,385.28,f,0,0.00,1.00,1.00,reserved,Sherab Dorji,t,2,1324.68,single,0,0,f
11241,RES_25052026_01776,206,2026-06-11,open,Deluxe Double,1662.34,2,2,0,0,0,935.06,f,0,0.00,f,0,0.00,f,0,0.00,f,0,0.00,3450.01,1662.34,2987.02,2,0,2,277.06,385.28,385.28,f,0,0.00,1.00,1.00,reserved,Sherab Dorji,t,2,1324.68,single,0,0,f
11242,RES_25052026_01777,307,2026-06-02,open,Deluxe Double,1662.34,2,2,0,0,0,935.06,f,0,0.00,f,0,0.00,f,0,0.00,f,0,0.00,3450.01,1662.34,2987.02,0,0,0,277.06,385.28,385.28,f,0,0.00,1.00,1.00,reserved,,t,2,1324.68,single,0,0,f
11233,RES_23052026_01770,502,2026-06-03,close,Executive Apartment,2182.34,2,2,0,0,0,571.43,f,0,0.00,f,0,0.00,f,0,0.00,f,0,0.00,3600.60,1662.34,3117.40,2,0,2,173.16,294.37,294.37,f,0,0.00,1.00,1.00,reserved,Sherab Dorji,t,2,935.06,single,0,0,f
11270,RES_25052026_01779,305,2026-06-02,open,Deluxe Double,1662.34,2,2,0,0,0,571.43,f,0,0.00,f,0,0.00,f,0,0.00,f,0,0.00,3200.00,1662.34,2770.56,2,0,2,207.79,346.32,346.32,f,0,0.00,1.00,1.00,reserved,,t,2,1108.22,multiple,0,0,f
11271,RES_25052026_01779,501,2026-06-02,open,Deluxe Studio Apartment,1662.34,2,2,0,0,0,571.43,f,0,0.00,f,0,0.00,f,0,0.00,f,0,0.00,3200.00,1662.34,2770.56,2,0,2,207.79,346.32,346.32,f,0,0.00,1.00,1.00,reserved,,t,2,1108.22,multiple,0,0,f
11272,RES_25052026_01779,302,2026-06-02,open,Standard Double,1662.34,2,2,0,0,0,571.43,f,0,0.00,f,0,0.00,f,0,0.00,f,0,0.00,3200.00,1662.34,2770.56,2,0,2,207.79,346.32,346.32,f,0,0.00,1.00,1.00,reserved,,t,2,1108.22,multiple,0,0,f
11273,RES_25052026_01779,303,2026-06-02,open,Standard Double,1662.34,2,2,0,0,0,571.43,f,0,0.00,f,0,0.00,f,0,0.00,f,0,0.00,3200.00,1662.34,2770.56,2,0,2,207.79,346.32,346.32,f,0,0.00,1.00,1.00,reserved,,t,2,1108.22,multiple,0,0,f
11280,RES_25052026_01780,307,2026-06-11,open,Deluxe Double,1662.34,3,3,0,0,1,779.22,f,0,0.00,f,0,0.00,f,0,0.00,f,0,0.00,5189.99,1662.34,4493.50,3,0,3,303.03,380.95,380.95,f,0,0.00,1.00,1.00,reserved,Sherab Dorji,t,3,2051.94,single,0,0,f
11290,RES_26052026_01783,602,2026-06-12,open,Executive Apartment,1662.34,2,2,0,0,0,779.22,f,0,0.00,f,0,0.00,f,0,0.00,f,0,0.00,3400.02,1662.34,2943.74,2,0,2,277.06,363.64,363.64,f,0,0.00,1.00,1.00,reserved,,t,2,1281.40,single,0,0,f
11289,RES_26052026_01783,501,2026-06-12,open,Deluxe Studio Apartment,1662.34,2,2,0,0,0,779.22,f,0,0.00,f,0,0.00,f,0,0.00,f,0,0.00,3400.02,1662.34,2943.74,2,0,2,277.06,363.64,363.64,f,0,0.00,1.00,1.00,reserved,,t,2,1281.40,single,0,0,f
11291,RES_26052026_01783,6031,2026-06-12,open,Family Apartment(King),1662.34,2,2,0,0,0,779.22,f,0,0.00,f,0,0.00,f,0,0.00,f,0,0.00,3400.02,1662.34,2943.74,2,0,2,277.06,363.64,363.64,f,0,0.00,1.00,1.00,reserved,,t,2,1281.40,single,0,0,f
11292,RES_26052026_01783,6032,2026-06-12,open,Family Apartment(Twin),1662.34,2,2,0,0,0,779.22,f,0,0.00,f,0,0.00,f,0,0.00,f,0,0.00,3400.02,1662.34,2943.74,2,0,2,277.06,363.64,363.64,f,0,0.00,1.00,1.00,reserved,,t,2,1281.40,single,0,0,f
11293,RES_26052026_01783,7031,2026-06-12,open,Family Apartment(King),1662.34,1,1,0,0,0,779.22,f,0,0.00,f,0,0.00,f,0,0.00,f,0,0.00,2660.01,1662.34,2303.04,1,0,1,277.06,363.64,363.64,f,0,0.00,1.00,1.00,reserved,,t,1,640.70,single,0,0,f
11285,RES_26052026_01783,601,2026-06-12,open,Deluxe Studio Apartment,1662.34,2,2,0,0,0,779.22,f,0,0.00,f,0,0.00,f,0,0.00,f,0,0.00,3400.02,1662.34,2943.74,2,0,2,277.06,363.64,363.64,f,0,0.00,1.00,1.00,reserved,,t,2,1281.40,single,0,0,f
11286,RES_26052026_01783,7032,2026-06-12,open,Family Apartment(Twin),1662.34,2,2,0,0,0,779.22,f,0,0.00,f,0,0.00,f,0,0.00,f,0,0.00,3400.02,1662.34,2943.74,2,0,2,277.06,363.64,363.64,f,0,0.00,1.00,1.00,reserved,,t,2,1281.40,single,0,0,f
11287,RES_26052026_01783,701,2026-06-12,open,Deluxe Studio Apartment,1662.34,2,2,0,0,0,779.22,f,0,0.00,f,0,0.00,f,0,0.00,f,0,0.00,3400.02,1662.34,2943.74,2,0,2,277.06,363.64,363.64,f,0,0.00,1.00,1.00,reserved,,t,2,1281.40,single,0,0,f
11288,RES_26052026_01783,702,2026-06-12,open,Executive Apartment,1662.34,2,2,0,0,0,779.22,f,0,0.00,f,0,0.00,f,0,0.00,f,0,0.00,3400.02,1662.34,2943.74,2,0,2,277.06,363.64,363.64,f,0,0.00,1.00,1.00,reserved,,t,2,1281.40,single,0,0,f
11294,RES_26052026_01784,501,2026-06-05,open,Deluxe Studio Apartment,1662.34,3,3,0,0,1,779.22,f,0,0.00,f,0,0.00,f,0,0.00,f,0,0.00,5189.99,1662.34,4493.50,3,0,3,303.03,380.95,380.95,f,0,0.00,1.00,1.00,reserved,Sherab Dorji,t,3,2051.94,single,0,0,f
11302,RES_27052026_01788,202,2026-06-06,open,Standard Double,1559.00,2,2,0,0,0,692.64,f,0,0.00,t,2,346.32,f,0,0.00,f,0,0.00,2200.64,1662.34,1905.32,0,0,0,173.16,363.64,363.64,f,0,0.00,1.00,1.00,reserved,,f,0,0.00,single,0,0,f
11303,RES_27052026_01788,203,2026-06-06,open,Standard Double,1559.00,2,2,0,0,0,692.64,f,0,0.00,t,2,346.32,f,0,0.00,f,0,0.00,2200.64,1662.34,1905.32,0,0,0,173.16,363.64,363.64,f,0,0.00,1.00,1.00,reserved,,f,0,0.00,single,0,0,f
11304,RES_27052026_01788,204,2026-06-06,open,Deluxe Double,1559.00,2,2,0,0,0,692.64,f,0,0.00,t,2,346.32,f,0,0.00,f,0,0.00,2200.64,1662.34,1905.32,0,0,0,173.16,363.64,363.64,f,0,0.00,1.00,1.00,reserved,,f,0,0.00,single,0,0,f
11305,RES_27052026_01788,205,2026-06-06,open,Deluxe Double,1559.00,2,2,0,0,0,692.64,f,0,0.00,t,2,346.32,f,0,0.00,f,0,0.00,2200.64,1662.34,1905.32,0,0,0,173.16,363.64,363.64,f,0,0.00,1.00,1.00,reserved,,f,0,0.00,single,0,0,f
11306,RES_27052026_01788,305,2026-06-06,open,Deluxe Double,1559.00,2,2,0,0,0,692.64,f,0,0.00,t,2,346.32,f,0,0.00,f,0,0.00,2200.64,1662.34,1905.32,0,0,0,173.16,363.64,363.64,f,0,0.00,1.00,1.00,reserved,,f,0,0.00,single,0,0,f
11307,RES_27052026_01788,301,2026-06-06,open,Standard Single,1559.00,2,2,0,0,0,692.64,f,0,0.00,t,2,346.32,f,0,0.00,f,0,0.00,2200.64,1662.34,1905.32,0,0,0,173.16,363.64,363.64,f,0,0.00,1.00,1.00,reserved,,f,0,0.00,single,0,0,f
11309,RES_27052026_01789,6032,2026-06-06,open,Family Apartment(Twin),1351.00,2,2,0,0,0,692.64,f,0,0.00,t,2,554.12,f,0,0.00,f,0,0.00,2200.41,1662.34,1905.12,2,0,0,277.06,363.64,363.64,f,0,0.00,1.00,1.00,reserved,Sherab Dorji,f,0,0.00,single,0,0,f
11310,RES_27052026_01789,501,2026-06-06,open,Deluxe Studio Apartment,1351.00,2,2,0,0,0,692.64,f,0,0.00,t,2,554.12,f,0,0.00,f,0,0.00,2200.41,1662.34,1905.12,2,0,0,277.06,363.64,363.64,f,0,0.00,1.00,1.00,reserved,Sherab Dorji,f,0,0.00,single,0,0,f
11311,RES_27052026_01789,502,2026-06-06,open,Executive Apartment,1351.00,2,2,0,0,0,692.64,f,0,0.00,t,2,554.12,f,0,0.00,f,0,0.00,2200.41,1662.34,1905.12,2,0,0,277.06,363.64,363.64,f,0,0.00,1.00,1.00,reserved,Sherab Dorji,f,0,0.00,single,0,0,f
11318,RES_27052026_01789,5051,2026-06-06,open,Family Apartment(King),1350.00,2,2,0,0,0,692.64,f,0,0.00,t,2,554.12,f,0,0.00,f,0,0.00,2199.26,1662.34,1904.12,2,0,0,277.06,363.64,363.64,f,0,0.00,1.00,1.00,reserved,Sherab Dorji,f,0,0.00,single,0,0,f
11319,RES_27052026_01789,5052,2026-06-06,open,Family Apartment(Twin),1350.00,2,2,0,0,0,692.64,f,0,0.00,t,2,554.12,f,0,0.00,f,0,0.00,2199.26,1662.34,1904.12,2,0,0,277.06,363.64,363.64,f,0,0.00,1.00,1.00,reserved,Sherab Dorji,f,0,0.00,single,0,0,f
11320,RES_27052026_01789,6031,2026-06-06,open,Family Apartment(King),1350.00,2,2,0,0,0,692.64,f,0,0.00,t,2,554.12,f,0,0.00,f,0,0.00,2199.26,1662.34,1904.12,2,0,0,277.06,363.64,363.64,f,0,0.00,1.00,1.00,reserved,Sherab Dorji,f,0,0.00,single,0,0,f
11321,RES_27052026_01790,202,2026-06-01,open,Standard Double,2257.40,3,2,1,0,0,571.43,f,0,0.00,f,0,0.00,f,0,0.00,f,0,0.00,3000.00,1766.23,2597.40,0,0,0,121.21,294.37,240.00,f,0,0.00,1.00,1.00,reserved,,t,2,340.00,single,0,1,f
10881,RES_08052026_01663,5052,2026-06-07,open,Family Apartment(Twin),1662.34,2,2,0,0,0,735.93,f,0,0.00,f,0,0.00,f,0,0.00,f,0,0.00,3500.00,1662.34,3030.30,2,0,2,268.40,415.58,415.58,f,0,0.00,1.00,1.00,reserved,,t,2,1367.96,single,0,0,f
11369,RES_29052026_01811,5052,2026-06-11,close,Family Apartment(Twin),1662.34,4,2,2,0,0,935.06,f,0,0.00,f,0,0.00,f,0,0.00,f,0,0.00,3985.51,1662.34,3450.66,3,0,3,277.06,385.28,385.28,f,0,0.00,1.00,1.00,reserved,Sherab Dorji,t,3,1788.32,single,1,1,f
11370,RES_29052026_01811,5051,2026-06-11,close,Family Apartment(King),1662.34,3,3,0,0,1,935.06,f,0,0.00,f,0,0.00,f,0,0.00,f,0,0.00,5295.01,1662.34,4584.42,3,0,3,277.06,385.28,385.28,f,0,0.00,1.00,1.00,reserved,Sherab Dorji,t,3,1987.02,single,0,0,f
10882,RES_08052026_01663,501,2026-06-07,open,Deluxe Studio Apartment,1662.34,2,2,0,0,0,735.93,f,0,0.00,f,0,0.00,f,0,0.00,f,0,0.00,3500.00,1662.34,3030.30,2,0,2,268.40,415.58,415.58,f,0,0.00,1.00,1.00,reserved,,t,2,1367.96,single,0,0,f
10883,RES_08052026_01663,5051,2026-06-07,open,Family Apartment(King),1662.34,3,3,0,0,1,735.93,f,0,0.00,f,0,0.00,f,0,0.00,f,0,0.00,5139.99,1662.34,4450.21,0,0,0,268.40,415.58,415.58,f,0,0.00,1.00,1.00,reserved,,t,3,2051.94,single,0,0,f
11327,RES_27052026_01793,602,2026-06-03,close,Executive Apartment,4154.00,3,3,0,0,1,990.00,f,0,0.00,f,0,0.00,f,0,0.00,f,0,0.00,5941.32,5500.00,5144.00,0,0,0,0.00,0.00,0.00,f,0,0.00,1.00,1.00,reserved,,f,0,0.00,multiple,0,0,f
11328,RES_27052026_01793,201,2026-06-09,close,Suite,4152.00,3,3,0,0,1,990.00,f,0,0.00,f,0,0.00,f,0,0.00,f,0,0.00,5939.01,3850.00,5142.00,0,0,0,0.00,0.00,0.00,f,0,0.00,1.00,1.00,reserved,,f,0,0.00,multiple,0,0,f
11378,RES_30052026_01814,202,2026-05-31,open,Standard Double,1662.34,2,2,0,0,0,588.74,f,0,0.00,f,0,0.00,f,0,0.00,f,0,0.00,3400.02,1662.34,2943.74,2,0,2,277.06,363.64,363.64,f,0,0.00,1.00,1.00,reserved,Ugyen Dema,t,2,1281.40,multiple,0,0,f
11379,RES_30052026_01814,601,2026-06-05,open,Deluxe Studio Apartment,1662.34,2,2,0,0,0,588.74,f,0,0.00,f,0,0.00,f,0,0.00,f,0,0.00,3400.02,1662.34,2943.74,2,0,2,277.06,363.64,363.64,f,0,0.00,1.00,1.00,reserved,Ugyen Dema,t,2,1281.40,multiple,0,0,f
11329,RES_27052026_01794,502,2026-06-01,open,Executive Apartment,1662.34,3,2,1,1,1,865.80,f,0,0.00,f,0,0.00,f,0,0.00,f,0,0.00,5140.03,1662.34,4450.24,3,0,3,277.06,363.64,363.64,f,0,0.00,1.00,1.00,reserved,Sherab Dorji,t,3,1922.10,single,0,0,f
11361,RES_28052026_01806,203,2026-06-07,open,Standard Double,1662.34,2,2,0,0,0,571.43,f,0,0.00,f,0,0.00,f,0,0.00,f,0,0.00,3400.02,1662.34,2943.74,2,0,2,277.06,363.64,363.64,f,0,0.00,1.00,1.00,reserved,Sherab Dorji,t,2,1281.40,single,0,0,f
11383,RES_30052026_01815,303,2026-06-03,open,Standard Double,1662.34,2,2,0,0,0,935.06,f,0,0.00,f,0,0.00,f,0,0.00,f,0,0.00,3450.01,1662.34,2987.02,2,0,2,277.06,385.28,385.28,f,0,0.00,1.00,1.00,reserved,,t,2,1324.68,single,0,0,f
10916,RES_09052026_01669,307,2026-06-05,open,Deluxe Double,2507.38,3,3,0,0,1,588.74,f,0,0.00,f,0,0.00,f,0,0.00,f,0,0.00,4500.02,1662.34,3896.12,3,0,3,207.79,346.32,346.32,f,0,0.00,1.00,1.00,reserved,,t,3,800.00,multiple,0,0,f
10915,RES_09052026_01669,204,2026-05-31,open,Deluxe Double,2402.30,3,3,0,0,1,588.74,f,0,0.00,f,0,0.00,f,0,0.00,f,0,0.00,4240.05,1662.34,3671.04,3,0,3,207.79,346.32,346.32,f,0,0.00,1.00,1.00,reserved,,t,3,680.00,multiple,0,0,f
11337,RES_28052026_01797,602,2026-06-02,close,Executive Apartment,1662.34,2,2,0,0,0,935.06,f,0,0.00,f,0,0.00,f,0,0.00,f,0,0.00,3400.02,1662.34,2943.74,2,0,2,277.06,363.64,363.64,f,0,0.00,1.00,1.00,reserved,Sherab Dorji,t,2,1281.40,multiple,0,0,f
11338,RES_28052026_01797,602,2026-06-09,close,Executive Apartment,1662.34,2,2,0,0,0,935.06,f,0,0.00,f,0,0.00,f,0,0.00,f,0,0.00,3400.02,1662.34,2943.74,2,0,2,277.06,363.64,363.64,f,0,0.00,1.00,1.00,reserved,Sherab Dorji,t,2,1281.40,multiple,0,0,f
11339,RES_28052026_01798,204,2026-06-02,open,Deluxe Double,1662.34,2,2,0,0,0,571.43,f,0,0.00,f,0,0.00,f,0,0.00,f,0,0.00,3000.00,1662.34,2597.40,2,0,2,173.16,294.37,294.37,f,0,0.00,1.00,1.00,reserved,,t,2,935.06,multiple,0,0,f
11340,RES_28052026_01798,206,2026-06-02,open,Deluxe Double,1662.34,3,2,1,1,1,571.43,f,0,0.00,f,0,0.00,f,0,0.00,f,0,0.00,4200.00,1662.34,3636.36,3,0,3,173.16,294.37,294.37,f,0,0.00,1.00,1.00,reserved,,t,3,1402.59,multiple,0,0,f
11341,RES_28052026_01798,502,2026-06-08,open,Executive Apartment,1662.34,2,2,0,0,0,571.43,f,0,0.00,f,0,0.00,f,0,0.00,f,0,0.00,3000.00,1662.34,2597.40,2,0,2,173.16,294.37,294.37,f,0,0.00,1.00,1.00,reserved,,t,2,935.06,multiple,0,0,f
11399,RES_30052026_01819,301,2026-06-05,open,Standard Single,1662.34,3,2,1,0,0,692.64,f,0,0.00,f,0,0.00,f,0,0.00,f,0,0.00,3400.02,1662.34,2943.74,2,0,2,277.06,363.64,363.64,f,0,0.00,1.00,1.00,reserved,GM,t,2,1281.40,single,0,1,f
11405,RES_30052026_01821,502,2026-06-11,open,Executive Apartment,1662.34,3,3,0,0,1,588.74,f,0,0.00,f,0,0.00,f,0,0.00,f,0,0.00,4820.00,1662.34,4173.16,0,0,0,277.06,420.00,363.64,f,0,0.00,1.00,1.00,reserved,,t,3,1922.08,multiple,0,0,f
11404,RES_30052026_01821,602,2026-06-05,open,Executive Apartment,1662.34,3,3,0,0,1,588.74,f,0,0.00,f,0,0.00,f,0,0.00,f,0,0.00,4820.02,1662.34,4173.18,0,0,0,277.06,420.00,363.64,f,0,0.00,1.00,1.00,reserved,,t,3,1922.10,multiple,0,0,f
11350,RES_28052026_01801,205,2026-06-02,open,Deluxe Double,1662.34,4,3,1,0,1,935.06,f,0,0.00,f,0,0.00,f,0,0.00,f,0,0.00,4919.99,1662.34,4259.73,0,0,0,294.37,259.74,259.74,f,0,0.00,1.00,1.00,reserved,,t,3,1662.33,single,0,1,f
11351,RES_28052026_01802,502,2026-06-13,open,Executive Apartment,1662.34,2,2,0,0,0,935.06,f,0,0.00,f,0,0.00,f,0,0.00,f,0,0.00,3200.00,1662.34,2770.56,2,0,2,294.37,259.74,259.74,f,0,0.00,1.00,1.00,reserved,Sherab Dorji,t,2,1108.22,multiple,0,0,f
11352,RES_28052026_01802,205,2026-06-08,open,Deluxe Double,1662.34,2,2,0,0,0,935.06,f,0,0.00,f,0,0.00,f,0,0.00,f,0,0.00,3200.00,1662.34,2770.56,2,0,2,294.37,259.74,259.74,f,0,0.00,1.00,1.00,reserved,Sherab Dorji,t,2,1108.22,multiple,0,0,f
10937,RES_11052026_01674,305,2026-06-05,open,Deluxe Double,1662.34,3,2,1,1,1,735.93,f,0,0.00,f,0,0.00,f,0,0.00,f,0,0.00,5139.99,1662.34,4450.21,3,0,3,268.40,415.58,415.58,f,0,0.00,1.00,1.00,reserved,Sherab Dorji,t,3,2051.94,multiple,0,0,f
10938,RES_11052026_01674,305,2026-06-11,open,Deluxe Double,1662.34,3,2,1,1,1,735.93,f,0,0.00,f,0,0.00,f,0,0.00,f,0,0.00,5139.99,1662.34,4450.21,3,0,3,268.40,415.58,415.58,f,0,0.00,1.00,1.00,reserved,Sherab Dorji,t,3,2051.94,multiple,0,0,f
11407,RES_26032026_01353,206,2026-05-31,open,Deluxe Double,1662.34,3,3,0,0,1,692.64,f,0,0.00,f,0,0.00,f,0,0.00,f,0,0.00,4940.00,1662.34,4277.06,0,0,0,277.06,420.00,363.64,f,0,0.00,1.00,1.00,reserved,,t,3,1922.08,single,0,0,f
11408,RES_30052026_01823,5051,2026-06-01,open,Family Apartment(King),1662.34,3,2,1,0,0,571.43,f,0,0.00,f,0,0.00,f,0,0.00,f,0,0.00,3200.00,1662.34,2770.56,2,0,2,207.79,346.32,346.32,f,0,0.00,1.00,1.00,reserved,,t,2,1108.22,single,0,1,f
11409,RES_30052026_01823,5052,2026-06-01,open,Family Apartment(Twin),1662.34,2,2,0,0,0,571.43,f,0,0.00,f,0,0.00,f,0,0.00,f,0,0.00,3200.00,1662.34,2770.56,2,0,2,207.79,346.32,346.32,f,0,0.00,1.00,1.00,reserved,,t,2,1108.22,single,0,0,f
10979,RES_14052026_01693,305,2026-05-31,open,Deluxe Double,1662.34,3,3,0,0,1,935.06,f,0,0.00,f,0,0.00,f,0,0.00,f,0,0.00,5295.01,1662.34,4584.42,3,0,3,277.06,385.28,385.28,f,0,0.00,1.00,1.00,reserved,,t,3,1987.02,single,0,0,f
10980,RES_14052026_01693,306,2026-05-31,open,Deluxe Double,1662.34,2,2,0,0,0,935.06,f,0,0.00,f,0,0.00,f,0,0.00,f,0,0.00,3450.01,1662.34,2987.02,2,0,2,277.06,385.28,385.28,f,0,0.00,1.00,1.00,reserved,,t,2,1324.68,single,0,0,f
11410,RES_30052026_01824,203,2026-05-30,open,Standard Double,2057.00,2,2,0,0,0,900.00,f,0,0.00,f,0,0.00,f,0,0.00,f,0,0.00,2375.84,1662.34,2057.00,0,0,0,0.00,0.00,0.00,f,0,0.00,1.00,1.00,reserved,,f,0,0.00,single,0,0,f
10985,RES_14052026_01694,304,2026-06-12,open,Executive,1662.34,2,2,0,0,0,779.22,f,0,0.00,f,0,0.00,f,0,0.00,f,0,0.00,3500.00,1662.34,3030.30,2,0,2,303.03,380.95,380.95,f,0,0.00,1.00,1.00,reserved,,t,2,1367.96,single,0,0,f
10983,RES_14052026_01694,301,2026-06-12,open,Standard Single,1662.34,3,2,1,0,1,779.22,f,0,0.00,f,0,0.00,f,0,0.00,f,0,0.00,4953.00,1662.34,4288.31,3,0,3,303.03,380.95,380.95,f,0,0.00,1.00,1.00,reserved,,t,3,1846.75,single,1,0,f
10981,RES_14052026_01694,305,2026-06-12,open,Deluxe Double,1662.34,3,2,1,1,1,779.22,f,0,0.00,f,0,0.00,f,0,0.00,f,0,0.00,5189.99,1662.34,4493.50,3,0,3,303.03,380.95,380.95,f,0,0.00,1.00,1.00,reserved,,t,3,2051.94,single,0,0,f
10982,RES_14052026_01694,306,2026-06-12,open,Deluxe Double,1662.34,3,2,1,1,1,779.22,f,0,0.00,f,0,0.00,f,0,0.00,f,0,0.00,5189.99,1662.34,4493.50,3,0,3,303.03,380.95,380.95,f,0,0.00,1.00,1.00,reserved,,t,3,2051.94,single,0,0,f
10984,RES_14052026_01694,302,2026-06-12,open,Standard Double,1662.34,3,2,1,0,0,779.22,f,0,0.00,f,0,0.00,f,0,0.00,f,0,0.00,3500.00,1662.34,3030.30,2,0,2,303.03,380.95,380.95,f,0,0.00,1.00,1.00,reserved,,t,2,1367.96,single,0,1,f
11411,RES_30052026_01824,203,2026-05-31,open,Standard Double,2057.00,2,2,0,0,0,900.00,f,0,0.00,f,0,0.00,f,0,0.00,f,0,0.00,2375.84,1662.34,2057.00,0,0,0,360.00,420.00,480.00,f,0,0.00,1.00,1.00,reserved,,f,0,0.00,single,0,0,f
11412,RES_30052026_01824,203,2026-06-01,open,Standard Double,2057.00,2,2,0,0,0,900.00,f,0,0.00,f,0,0.00,f,0,0.00,f,0,0.00,2375.84,5500.00,2057.00,0,0,0,360.00,420.00,480.00,f,0,0.00,1.00,1.00,reserved,,f,0,0.00,single,0,0,f
11413,RES_30052026_01824,203,2026-06-02,open,Standard Double,2057.00,2,2,0,0,0,900.00,f,0,0.00,f,0,0.00,f,0,0.00,f,0,0.00,2375.84,5500.00,2057.00,0,0,0,360.00,420.00,480.00,f,0,0.00,1.00,1.00,reserved,,f,0,0.00,single,0,0,f
10990,RES_14052026_01696,301,2026-05-31,close,Standard Single,1662.34,2,2,0,0,0,779.22,f,0,0.00,f,0,0.00,f,0,0.00,f,0,0.00,3400.02,1662.34,2943.74,2,0,2,277.06,363.64,363.64,f,0,0.00,1.00,1.00,reserved,GM,t,2,1281.40,single,0,0,f
11205,RES_22052026_01761,7031,2026-05-31,close,Family Apartment(King),1352.40,3,2,1,1,1,935.06,f,0,0.00,f,0,0.00,f,0,0.00,f,0,0.00,5160.00,2285.71,4467.53,0,0,0,311.69,415.58,415.00,f,0,0.00,1.00,1.00,reserved,,t,3,2180.07,multiple,0,0,f
11206,RES_22052026_01761,7032,2026-05-31,close,Family Apartment(Twin),1352.40,3,2,1,1,1,935.06,f,0,0.00,f,0,0.00,f,0,0.00,f,0,0.00,5160.00,2285.71,4467.53,0,0,0,311.69,415.58,415.00,f,0,0.00,1.00,1.00,reserved,,t,3,2180.07,multiple,0,0,f
11207,RES_22052026_01761,502,2026-06-05,close,Executive Apartment,1352.40,3,2,1,1,1,935.06,f,0,0.00,f,0,0.00,f,0,0.00,f,0,0.00,5160.00,2285.71,4467.53,0,0,0,311.69,415.58,415.00,f,0,0.00,1.00,1.00,reserved,,t,3,2180.07,multiple,0,0,f
11208,RES_22052026_01761,504,2026-06-05,close,Premium Suite,1352.40,3,2,1,1,1,935.06,f,0,0.00,f,0,0.00,f,0,0.00,f,0,0.00,5160.00,2285.71,4467.53,0,0,0,311.69,415.58,415.00,f,0,0.00,1.00,1.00,reserved,,t,3,2180.07,multiple,0,0,f
11420,RES_01062026_01828,602,2026-06-01,close,Executive Apartment,1662.34,2,2,0,0,0,571.43,f,0,0.00,f,0,0.00,f,0,0.00,f,0,0.00,1920.00,1662.34,1662.34,0,0,0,277.06,363.64,363.64,f,0,0.00,1.00,1.00,reserved,Ugyen Dema,f,0,0.00,single,0,0,f
11421,RES_01062026_01829,307,2026-06-12,open,Deluxe Double,1662.34,3,3,0,0,1,935.06,f,0,0.00,f,0,0.00,f,0,0.00,f,0,0.00,5295.01,1662.34,4584.42,3,0,3,277.06,385.28,385.28,f,0,0.00,1.00,1.00,reserved,,t,3,1987.02,single,0,0,f
10820,RES_06052026_01645,202,2026-06-05,close,Standard Double,1662.34,2,2,0,0,0,935.06,f,0,0.00,t,2,720.00,f,0,0.00,f,0,0.00,2751.60,1662.34,2382.34,0,0,0,360.00,420.00,480.00,f,0,0.00,1.00,1.00,reserved,,f,0,0.00,single,0,0,f
10821,RES_06052026_01645,203,2026-06-05,close,Standard Double,1662.34,2,2,0,0,0,935.06,f,0,0.00,t,2,720.00,f,0,0.00,f,0,0.00,2751.60,1662.34,2382.34,0,0,0,360.00,420.00,480.00,f,0,0.00,1.00,1.00,reserved,,f,0,0.00,single,0,0,f
10825,RES_06052026_01646,302,2026-06-10,close,Standard Double,1662.34,2,2,0,0,0,935.06,f,0,0.00,f,0,0.00,f,0,0.00,f,0,0.00,3450.01,1662.34,2987.02,2,0,2,277.06,385.28,385.28,f,0,0.00,1.00,1.00,reserved,Ugyen Dema,t,2,1324.68,single,0,0,f
10830,RES_06052026_01647,204,2026-06-10,open,Deluxe Double,1662.34,2,2,0,0,0,735.93,f,0,0.00,f,0,0.00,f,0,0.00,f,0,0.00,3500.00,1662.34,3030.30,2,0,2,268.40,415.58,415.58,f,0,0.00,1.00,1.00,reserved,Ugyen Dema,t,2,1367.96,single,0,0,f
10831,RES_06052026_01647,203,2026-06-10,open,Standard Double,1662.34,3,3,0,0,1,735.93,f,0,0.00,f,0,0.00,f,0,0.00,f,0,0.00,5139.99,1662.34,4450.21,3,0,3,268.40,415.58,415.58,f,0,0.00,1.00,1.00,reserved,Ugyen Dema,t,3,2051.94,single,0,0,f
6489,RES_22012026_00976,201,2026-06-12,open,Suite,1600.00,2,2,0,0,0,750.00,f,0,0.00,f,0,0.00,f,0,0.00,f,0,0.00,3368.77,1600.00,2916.68,0,0,0,291.67,366.67,366.67,f,0,0.00,1.00,1.00,reserved,,t,2,1316.68,single,0,0,f
11427,RES_02062026_01833,202,2026-06-02,close,Standard Double,1870.13,2,2,0,0,0,900.00,f,0,0.00,f,0,0.00,f,0,0.00,f,0,0.00,2160.00,1662.34,1870.13,0,0,0,0.00,0.00,0.00,f,0,0.00,1.00,1.00,reserved,,f,0,0.00,single,0,0,f
11018,RES_15052026_01704,702,2026-06-04,open,Executive Apartment,1662.34,2,2,0,0,0,935.06,f,0,0.00,f,0,0.00,f,0,0.00,f,0,0.00,3450.01,1662.34,2987.02,2,0,2,277.06,385.28,385.28,f,0,0.00,1.00,1.00,reserved,,t,2,1324.68,single,0,0,f
11019,RES_15052026_01704,7032,2026-06-04,open,Family Apartment(Twin),1662.34,1,1,0,0,0,935.06,f,0,0.00,f,0,0.00,f,0,0.00,f,0,0.00,2685.01,1662.34,2324.68,1,0,1,277.06,385.28,385.28,f,0,0.00,1.00,1.00,reserved,,t,1,662.34,single,0,0,f
11020,RES_15052026_01704,701,2026-06-04,open,Deluxe Studio Apartment,1662.34,2,2,0,0,0,935.06,f,0,0.00,f,0,0.00,f,0,0.00,f,0,0.00,3450.01,1662.34,2987.02,2,0,2,277.06,385.28,385.28,f,0,0.00,1.00,1.00,reserved,,t,2,1324.68,single,0,0,f
11021,RES_15052026_01704,7031,2026-06-04,open,Family Apartment(King),1662.34,2,2,0,0,0,935.06,f,0,0.00,f,0,0.00,f,0,0.00,f,0,0.00,3450.01,1662.34,2987.02,2,0,2,277.06,385.28,385.28,f,0,0.00,1.00,1.00,reserved,,t,2,1324.68,single,0,0,f
11024,RES_15052026_01705,206,2026-06-04,open,Deluxe Double,1789.87,1,1,0,0,0,571.43,f,0,0.00,f,0,0.00,f,0,0.00,f,0,0.00,2460.00,1766.23,2129.87,0,0,0,121.21,294.37,294.37,f,0,0.00,1.00,1.00,reserved,,t,1,340.00,multiple,0,0,f
11425,RES_01062026_01832,201,2026-06-01,open,Suite,4675.32,2,2,0,0,0,900.00,f,0,0.00,f,0,0.00,f,0,0.00,f,0,0.00,5399.99,4500.00,4675.32,0,0,0,0.00,0.00,0.00,f,0,0.00,1.00,1.00,reserved,,f,0,0.00,single,0,0,f
11022,RES_15052026_01705,202,2026-06-04,open,Standard Double,2257.40,2,2,0,0,0,571.43,f,0,0.00,f,0,0.00,f,0,0.00,f,0,0.00,3000.00,1766.23,2597.40,0,0,0,121.21,294.37,294.37,f,0,0.00,1.00,1.00,reserved,,t,2,340.00,multiple,0,0,f
11023,RES_15052026_01705,203,2026-06-04,open,Standard Double,2257.40,2,2,0,0,0,571.43,f,0,0.00,f,0,0.00,f,0,0.00,f,0,0.00,3000.00,1766.23,2597.40,0,0,0,121.21,294.37,294.37,f,0,0.00,1.00,1.00,reserved,,t,2,340.00,multiple,0,0,f
11429,RES_02062026_01835,503,2026-06-02,close,Premium Suite,2251.08,1,1,0,0,0,900.00,f,0,0.00,f,0,0.00,f,0,0.00,f,0,0.00,2600.00,5500.00,2251.08,0,0,0,0.00,0.00,0.00,f,0,0.00,1.00,1.00,reserved,,f,0,0.00,single,0,0,f
10973,RES_13052026_01689,601,2026-06-01,open,Deluxe Studio Apartment,1662.34,3,3,0,0,1,935.06,f,0,0.00,f,0,0.00,f,0,0.00,f,0,0.00,5295.01,1662.34,4584.42,3,0,3,277.06,385.28,385.28,f,0,0.00,1.00,1.00,reserved,Sherab Dorji,t,3,1987.02,single,0,0,f
10842,RES_07052026_01652,302,2026-06-01,close,Standard Double,1662.34,2,2,0,0,0,571.43,f,0,0.00,f,0,0.00,f,0,0.00,f,0,0.00,3400.02,1662.34,2943.74,0,0,0,277.06,363.64,363.64,f,0,0.00,1.00,1.00,reserved,,t,2,1281.40,single,0,0,f
10843,RES_07052026_01652,303,2026-06-01,close,Standard Double,1662.34,2,2,0,0,0,571.43,f,0,0.00,f,0,0.00,f,0,0.00,f,0,0.00,3400.02,1662.34,2943.74,2,0,2,277.06,363.64,363.64,f,0,0.00,1.00,1.00,reserved,,t,2,1281.40,single,0,0,f
10844,RES_07052026_01653,302,2026-06-05,open,Standard Double,1662.34,3,3,0,0,1,571.43,f,0,0.00,f,0,0.00,f,0,0.00,f,0,0.00,4500.00,1662.34,3896.10,3,0,3,207.79,346.32,346.32,f,0,0.00,1.00,1.00,reserved,,t,3,1662.33,multiple,0,0,f
11453,RES_02062026_01838,7031,2026-06-05,open,Family Apartment(King),1662.34,2,2,0,0,0,935.06,f,0,0.00,t,2,554.12,f,0,0.00,f,0,0.00,2560.01,1662.34,2216.46,0,0,0,277.06,385.28,385.28,f,0,0.00,1.00,1.00,reserved,,f,0,0.00,single,0,0,f
11454,RES_02062026_01838,7032,2026-06-05,open,Family Apartment(Twin),1662.34,2,2,0,0,0,935.06,f,0,0.00,t,2,554.12,f,0,0.00,f,0,0.00,2560.01,1662.34,2216.46,0,0,0,277.06,385.28,385.28,f,0,0.00,1.00,1.00,reserved,,f,0,0.00,single,0,0,f
11451,RES_02062026_01838,6031,2026-06-05,open,Family Apartment(King),1662.34,2,2,0,0,0,935.06,f,0,0.00,t,2,554.12,f,0,0.00,f,0,0.00,2560.01,1662.34,2216.46,0,0,0,277.06,385.28,385.28,f,0,0.00,1.00,1.00,reserved,,f,0,0.00,single,0,0,f
11452,RES_02062026_01838,6032,2026-06-05,open,Family Apartment(Twin),1662.34,2,2,0,0,0,935.06,f,0,0.00,t,2,554.12,f,0,0.00,f,0,0.00,2560.01,1662.34,2216.46,0,0,0,277.06,385.28,385.28,f,0,0.00,1.00,1.00,reserved,,f,0,0.00,single,0,0,f
10851,RES_07052026_01655,7031,2026-06-03,close,Family Apartment(King),1662.34,2,2,0,0,0,571.43,f,0,0.00,f,0,0.00,f,0,0.00,f,0,0.00,3400.02,1662.34,2943.74,2,0,2,277.06,363.64,363.64,f,0,0.00,1.00,1.00,reserved,,t,2,1281.40,single,0,0,f
10852,RES_07052026_01655,702,2026-06-03,close,Executive Apartment,1662.34,2,2,0,0,0,571.43,f,0,0.00,f,0,0.00,f,0,0.00,f,0,0.00,3400.02,1662.34,2943.74,2,0,2,277.06,363.64,363.64,f,0,0.00,1.00,1.00,reserved,,t,2,1281.40,single,0,0,f
10853,RES_07052026_01655,7032,2026-06-03,close,Family Apartment(Twin),1662.34,2,2,0,0,0,571.43,f,0,0.00,f,0,0.00,f,0,0.00,f,0,0.00,3400.02,1662.34,2943.74,2,0,2,277.06,363.64,363.64,f,0,0.00,1.00,1.00,reserved,,t,2,1281.40,single,0,0,f
11449,RES_02062026_01838,5051,2026-06-05,open,Family Apartment(King),1662.34,2,2,0,0,0,935.06,f,0,0.00,t,2,554.12,f,0,0.00,f,0,0.00,2560.01,1662.34,2216.46,0,0,0,277.06,385.28,385.28,f,0,0.00,1.00,1.00,reserved,,f,0,0.00,single,0,0,f
11450,RES_02062026_01838,5052,2026-06-05,open,Family Apartment(Twin),1662.34,2,2,0,0,0,935.06,f,0,0.00,t,2,554.12,f,0,0.00,f,0,0.00,2560.01,1662.34,2216.46,0,0,0,277.06,385.28,385.28,f,0,0.00,1.00,1.00,reserved,,f,0,0.00,single,0,0,f
11049,RES_15052026_01712,601,2026-05-31,open,Deluxe Studio Apartment,1662.34,3,2,1,0,0,779.22,f,0,0.00,f,0,0.00,f,0,0.00,f,0,0.00,3918.03,1662.34,3392.23,3,0,3,277.06,363.64,363.64,f,0,0.00,1.00,1.00,reserved,Sherab Dorji,t,3,1729.89,single,1,0,f
11465,RES_02062026_01840,304,2026-06-04,open,Executive,1662.34,2,2,0,0,0,571.43,f,0,0.00,f,0,0.00,f,0,0.00,f,0,0.00,3200.00,1662.34,2770.56,2,0,2,207.79,346.32,346.32,f,0,0.00,1.00,1.00,reserved,,t,2,1108.22,single,0,0,f
11466,RES_02062026_01840,303,2026-06-04,open,Standard Double,1662.34,2,2,0,0,0,571.43,f,0,0.00,f,0,0.00,f,0,0.00,f,0,0.00,3200.00,1662.34,2770.56,2,0,2,207.79,346.32,346.32,f,0,0.00,1.00,1.00,reserved,,t,2,1108.22,single,0,0,f
11467,RES_02062026_01840,302,2026-06-04,open,Standard Double,1662.34,2,2,0,0,0,571.43,f,0,0.00,f,0,0.00,f,0,0.00,f,0,0.00,3200.00,1662.34,2770.56,2,0,2,207.79,346.32,346.32,f,0,0.00,1.00,1.00,reserved,,t,2,1108.22,single,0,0,f
11468,RES_02062026_01841,702,2026-06-09,open,Executive Apartment,2285.71,2,2,0,0,0,935.06,f,0,0.00,f,0,0.00,f,0,0.00,f,0,0.00,4319.99,2285.71,3740.25,2,0,2,311.69,415.58,415.58,f,0,0.00,1.00,1.00,reserved,,t,2,1454.54,single,0,0,f
11342,RES_28052026_01798,501,2026-06-08,open,Deluxe Studio Apartment,1662.34,3,2,1,1,1,571.43,f,0,0.00,f,0,0.00,f,0,0.00,f,0,0.00,4200.00,1662.34,3636.36,3,0,3,173.16,294.37,294.37,f,0,0.00,1.00,1.00,reserved,,t,3,1402.59,multiple,0,0,f
11170,RES_20052026_01749,303,2026-06-12,open,Standard Double,1662.34,2,2,0,0,0,935.06,f,0,0.00,f,0,0.00,f,0,0.00,f,0,0.00,3200.00,1662.34,2770.56,2,0,2,207.79,346.32,346.32,f,0,0.00,1.00,1.00,reserved,,t,2,1108.22,multiple,0,0,f
11171,RES_20052026_01749,602,2026-06-17,open,Executive Apartment,1662.34,2,2,0,0,0,935.06,f,0,0.00,f,0,0.00,f,0,0.00,f,0,0.00,3200.00,1662.34,2770.56,2,0,2,207.79,346.32,346.32,f,0,0.00,1.00,1.00,reserved,,t,2,1108.22,multiple,0,0,f
11056,RES_16052026_01716,5051,2026-06-04,open,Family Apartment(King),1662.34,2,2,0,0,0,935.06,f,0,0.00,f,0,0.00,f,0,0.00,f,0,0.00,3450.01,1662.34,2987.02,0,0,0,277.06,385.28,385.28,f,0,0.00,1.00,1.00,reserved,,t,2,1324.68,single,0,0,f
11382,RES_30052026_01815,302,2026-06-03,open,Standard Double,1662.34,2,2,0,0,0,935.06,f,0,0.00,f,0,0.00,f,0,0.00,f,0,0.00,3450.01,1662.34,2987.02,2,0,2,277.06,385.28,385.28,f,0,0.00,1.00,1.00,reserved,,t,2,1324.68,single,0,0,f
11057,RES_16052026_01716,6032,2026-06-04,open,Family Apartment(Twin),1662.34,2,2,0,0,0,935.06,f,0,0.00,f,0,0.00,f,0,0.00,f,0,0.00,3450.01,1662.34,2987.02,0,0,0,277.06,385.28,385.28,f,0,0.00,1.00,1.00,reserved,,t,2,1324.68,single,0,0,f
11058,RES_16052026_01716,602,2026-06-04,open,Executive Apartment,1662.34,2,2,0,0,0,935.06,f,0,0.00,f,0,0.00,f,0,0.00,f,0,0.00,3450.01,1662.34,2987.02,0,0,0,277.06,385.28,385.28,f,0,0.00,1.00,1.00,reserved,,t,2,1324.68,single,0,0,f
11059,RES_16052026_01716,601,2026-06-04,open,Deluxe Studio Apartment,1662.34,2,2,0,0,0,935.06,f,0,0.00,f,0,0.00,f,0,0.00,f,0,0.00,3450.01,1662.34,2987.02,0,0,0,277.06,385.28,385.28,f,0,0.00,1.00,1.00,reserved,,t,2,1324.68,single,0,0,f
11060,RES_16052026_01716,5052,2026-06-04,open,Family Apartment(Twin),1662.34,2,2,0,0,0,935.06,f,0,0.00,f,0,0.00,f,0,0.00,f,0,0.00,3450.01,1662.34,2987.02,0,0,0,277.06,385.28,385.28,f,0,0.00,1.00,1.00,reserved,,t,2,1324.68,single,0,0,f
11469,RES_02062026_01834,301,2026-06-03,open,Standard Single,1662.34,0,0,0,0,0,900.00,f,0,0.00,f,0,0.00,f,0,0.00,f,0,0.00,1920.00,1662.34,1662.34,0,0,0,360.00,420.00,480.00,f,0,0.00,1.00,1.00,reserved,GM,f,0,0.00,single,0,0,t
11470,RES_02062026_01834,301,2026-06-02,open,Standard Single,1662.34,0,0,0,0,0,900.00,f,0,0.00,f,0,0.00,f,0,0.00,f,0,0.00,1920.00,1662.34,1662.34,0,0,0,360.00,420.00,480.00,f,0,0.00,1.00,1.00,reserved,GM,f,0,0.00,single,0,0,t
11173,RES_28042026_01593,602,2026-05-31,close,Executive Apartment,1662.34,2,2,0,0,0,935.06,f,0,0.00,f,0,0.00,f,0,0.00,f,0,0.00,3860.40,1662.34,3342.34,0,0,0,360.00,420.00,480.00,f,0,0.00,1.00,1.00,reserved,,t,2,1680.00,multiple,0,0,f
11174,RES_28042026_01593,502,2026-06-07,close,Executive Apartment,1038.34,2,2,0,0,0,935.06,f,0,0.00,f,0,0.00,f,0,0.00,f,0,0.00,3139.68,1662.34,2718.34,0,0,0,360.00,420.00,480.00,f,0,0.00,1.00,1.00,reserved,,t,2,1680.00,multiple,0,0,f
11175,RES_21052026_01750,304,2026-06-02,open,Executive,1662.34,3,3,0,0,1,571.43,f,0,0.00,f,0,0.00,f,0,0.00,f,0,0.00,4200.00,1662.34,3636.36,3,0,3,173.16,294.37,294.37,f,0,0.00,1.00,1.00,reserved,,t,3,1402.59,multiple,0,0,f
11276,RES_25052026_01779,303,2026-06-07,open,Standard Double,1662.34,2,2,0,0,0,571.43,f,0,0.00,f,0,0.00,f,0,0.00,f,0,0.00,3200.00,1662.34,2770.56,2,0,2,207.79,346.32,346.32,f,0,0.00,1.00,1.00,reserved,,t,2,1108.22,multiple,0,0,f
11274,RES_25052026_01779,306,2026-06-02,open,Deluxe Double,1662.34,3,3,0,0,1,571.43,f,0,0.00,f,0,0.00,f,0,0.00,f,0,0.00,4500.00,1662.34,3896.10,3,0,3,207.79,346.32,346.32,f,0,0.00,1.00,1.00,reserved,,t,3,1662.33,multiple,0,0,f
11275,RES_25052026_01779,302,2026-06-07,open,Standard Double,1662.34,2,2,0,0,0,571.43,f,0,0.00,f,0,0.00,f,0,0.00,f,0,0.00,3200.00,1662.34,2770.56,2,0,2,207.79,346.32,346.32,f,0,0.00,1.00,1.00,reserved,,t,2,1108.22,multiple,0,0,f
11176,RES_21052026_01750,304,2026-06-07,open,Executive,1662.34,3,3,0,0,1,571.43,f,0,0.00,f,0,0.00,f,0,0.00,f,0,0.00,4200.00,1662.34,3636.36,3,0,3,173.16,294.37,294.37,f,0,0.00,1.00,1.00,reserved,,t,3,1402.59,multiple,0,0,f
11278,RES_25052026_01779,306,2026-06-07,open,Deluxe Double,1662.34,2,2,0,0,0,571.43,f,0,0.00,f,0,0.00,f,0,0.00,f,0,0.00,3200.00,1662.34,2770.56,2,0,2,207.79,346.32,346.32,f,0,0.00,1.00,1.00,reserved,,t,2,1108.22,multiple,0,0,f
11177,RES_21052026_01751,307,2026-06-10,open,Deluxe Double,1662.34,2,2,0,0,0,588.74,f,0,0.00,f,0,0.00,f,0,0.00,f,0,0.00,3400.02,1662.34,2943.74,2,0,2,277.06,363.64,363.64,f,0,0.00,1.00,1.00,reserved,,t,2,1281.40,multiple,0,0,f
11277,RES_25052026_01779,305,2026-06-07,open,Deluxe Double,1662.34,2,2,0,0,0,571.43,f,0,0.00,f,0,0.00,f,0,0.00,f,0,0.00,3200.00,1662.34,2770.56,2,0,2,207.79,346.32,346.32,f,0,0.00,1.00,1.00,reserved,,t,2,1108.22,multiple,0,0,f
11279,RES_25052026_01779,301,2026-06-07,open,Standard Single,1662.34,3,3,0,0,1,571.43,f,0,0.00,f,0,0.00,f,0,0.00,f,0,0.00,4500.00,1662.34,3896.10,3,0,3,207.79,346.32,346.32,f,0,0.00,1.00,1.00,reserved,,t,3,1662.33,multiple,0,0,f
11178,RES_21052026_01751,307,2026-06-16,open,Deluxe Double,1662.34,2,2,0,0,0,588.74,f,0,0.00,f,0,0.00,f,0,0.00,f,0,0.00,3400.02,1662.34,2943.74,2,0,2,277.06,363.64,363.64,f,0,0.00,1.00,1.00,reserved,,t,2,1281.40,multiple,0,0,f
11179,RES_21052026_01752,701,2026-06-07,open,Deluxe Studio Apartment,1662.34,2,2,0,0,0,735.93,f,0,0.00,f,0,0.00,f,0,0.00,f,0,0.00,1920.00,1662.34,1662.34,0,0,0,268.40,415.58,415.58,f,0,0.00,1.00,1.00,reserved,,f,0,0.00,single,0,0,f
11180,RES_21052026_01752,702,2026-06-07,open,Executive Apartment,1662.34,2,2,0,0,0,735.93,f,0,0.00,f,0,0.00,f,0,0.00,f,0,0.00,1920.00,1662.34,1662.34,0,0,0,268.40,415.58,415.58,f,0,0.00,1.00,1.00,reserved,,f,0,0.00,single,0,0,f
11478,RES_04062026_01846,302,2026-06-06,close,Standard Double,1662.34,3,3,0,0,1,935.06,f,0,0.00,f,0,0.00,f,0,0.00,f,0,0.00,5295.01,1662.34,4584.42,3,0,3,277.06,385.28,385.28,f,0,0.00,1.00,1.00,reserved,GM,t,3,1987.02,single,0,0,f
11479,RES_04062026_01846,307,2026-06-06,close,Deluxe Double,1662.34,2,2,0,0,0,935.06,f,0,0.00,f,0,0.00,f,0,0.00,f,0,0.00,3450.01,1662.34,2987.02,2,0,2,277.06,385.28,385.28,f,0,0.00,1.00,1.00,reserved,GM,t,2,1324.68,single,0,0,f
11181,RES_21052026_01752,7031,2026-06-07,open,Family Apartment(King),1662.34,2,2,0,0,0,735.93,f,0,0.00,f,0,0.00,f,0,0.00,f,0,0.00,1920.00,1662.34,1662.34,0,0,0,268.40,415.58,415.58,f,0,0.00,1.00,1.00,reserved,,f,0,0.00,single,0,0,f
11182,RES_21052026_01752,7032,2026-06-07,open,Family Apartment(Twin),1662.34,2,2,0,0,0,735.93,f,0,0.00,f,0,0.00,f,0,0.00,f,0,0.00,1920.00,1662.34,1662.34,0,0,0,268.40,415.58,415.58,f,0,0.00,1.00,1.00,reserved,,f,0,0.00,single,0,0,f
9617,RES_26032026_01353,205,2026-05-31,open,Deluxe Double,1662.34,3,3,0,0,1,692.64,f,0,0.00,f,0,0.00,f,0,0.00,f,0,0.00,4940.00,1662.34,4277.06,0,0,0,277.06,420.00,363.64,f,0,0.00,1.00,1.00,reserved,,t,3,1922.08,single,0,0,f
11480,RES_04062026_01847,203,2026-06-12,open,Standard Double,1662.34,2,2,0,0,0,571.43,f,0,0.00,f,0,0.00,f,0,0.00,f,0,0.00,3200.00,1662.34,2770.56,2,0,2,207.79,346.32,346.32,f,0,0.00,1.00,1.00,reserved,GM,t,2,1108.22,single,0,0,f
11481,RES_04062026_01847,202,2026-06-12,open,Standard Double,1662.34,2,2,0,0,0,571.43,f,0,0.00,f,0,0.00,f,0,0.00,f,0,0.00,3200.00,1662.34,2770.56,2,0,2,207.79,346.32,346.32,f,0,0.00,1.00,1.00,reserved,GM,t,2,1108.22,single,0,0,f
11082,RES_16052026_01722,202,2026-06-07,close,Standard Double,1662.34,2,2,0,0,0,935.06,f,0,0.00,f,0,0.00,f,0,0.00,f,0,0.00,3300.02,1662.34,2857.16,2,0,2,277.06,320.35,320.35,f,0,0.00,1.00,1.00,reserved,Sherab Dorji,t,2,1194.82,single,0,0,f
11474,RES_03062026_01843,503,2026-06-04,open,Premium Suite,2285.71,3,2,1,0,1,935.06,f,0,0.00,f,0,0.00,f,0,0.00,f,0,0.00,5987.98,2285.71,5184.40,3,0,3,311.69,415.58,415.58,f,0,0.00,1.00,1.00,reserved,GM,t,3,1963.63,single,1,0,f
11061,RES_16052026_01716,6031,2026-06-04,open,Family Apartment(King),1662.34,2,2,0,0,0,935.06,f,0,0.00,f,0,0.00,f,0,0.00,f,0,0.00,3450.01,1662.34,2987.02,0,0,0,277.06,385.28,385.28,f,0,0.00,1.00,1.00,reserved,,t,2,1324.68,single,0,0,f
11475,RES_16052026_01716,301,2026-06-04,open,Standard Single,1662.34,1,1,0,0,0,935.06,f,0,0.00,f,0,0.00,f,0,0.00,f,0,0.00,2890.20,1662.34,2502.34,0,0,0,360.00,420.00,480.00,f,0,0.00,1.00,1.00,reserved,GM,t,1,840.00,single,0,0,f
11029,RES_15052026_01705,304,2026-06-09,open,Executive,1789.87,1,1,0,0,0,571.43,f,0,0.00,f,0,0.00,f,0,0.00,f,0,0.00,2460.00,1766.23,2129.87,0,0,0,121.21,294.37,294.37,f,0,0.00,1.00,1.00,reserved,,t,1,340.00,multiple,0,0,f
11025,RES_15052026_01705,205,2026-06-04,open,Deluxe Double,1789.87,1,1,0,0,0,571.43,f,0,0.00,f,0,0.00,f,0,0.00,f,0,0.00,2460.00,1766.23,2129.87,0,0,0,121.21,294.37,294.37,f,0,0.00,1.00,1.00,reserved,,t,1,340.00,multiple,0,0,f
11026,RES_15052026_01705,301,2026-06-09,open,Standard Single,2257.40,2,2,0,0,0,571.43,f,0,0.00,f,0,0.00,f,0,0.00,f,0,0.00,3000.00,1766.23,2597.40,0,0,0,121.21,294.37,294.37,f,0,0.00,1.00,1.00,reserved,,t,2,340.00,multiple,0,0,f
11027,RES_15052026_01705,302,2026-06-09,open,Standard Double,2257.40,2,2,0,0,0,571.43,f,0,0.00,f,0,0.00,f,0,0.00,f,0,0.00,3000.00,1766.23,2597.40,0,0,0,121.21,294.37,294.37,f,0,0.00,1.00,1.00,reserved,,t,2,340.00,multiple,0,0,f
11028,RES_15052026_01705,303,2026-06-09,open,Standard Double,1789.87,1,1,0,0,0,571.43,f,0,0.00,f,0,0.00,f,0,0.00,f,0,0.00,2460.00,1766.23,2129.87,0,0,0,121.21,294.37,294.37,f,0,0.00,1.00,1.00,reserved,,t,1,340.00,multiple,0,0,f
11482,RES_05062026_01848,701,2026-06-05,open,Deluxe Studio Apartment,1662.34,2,2,0,0,1,900.00,f,0,0.00,f,0,0.00,f,0,0.00,f,0,0.00,2959.50,1662.34,2562.34,0,0,0,0.00,0.00,0.00,f,0,0.00,1.00,1.00,reserved,GM,f,0,0.00,single,0,0,f
11483,RES_05062026_01849,204,2026-06-09,open,Deluxe Double,1662.34,3,2,1,0,0,935.06,f,0,0.00,f,0,0.00,f,0,0.00,f,0,0.00,3647.99,1662.34,3158.44,3,0,3,294.37,259.74,259.74,f,0,0.00,1.00,1.00,reserved,GM,t,3,1496.10,single,1,0,f
11484,RES_05062026_01849,203,2026-06-09,open,Standard Double,1662.34,2,2,0,0,0,935.06,f,0,0.00,f,0,0.00,f,0,0.00,f,0,0.00,3200.00,1662.34,2770.56,2,0,2,294.37,259.74,259.74,f,0,0.00,1.00,1.00,reserved,GM,t,2,1108.22,single,0,0,f
10353,RES_17042026_01513,501,2026-05-31,open,Deluxe Studio Apartment,1662.34,3,3,0,0,1,692.64,f,0,0.00,f,0,0.00,f,0,0.00,f,0,0.00,4940.03,1662.34,4277.08,0,0,0,277.06,363.64,363.64,f,0,0.00,1.00,1.00,reserved,,t,3,1922.10,single,0,0,f
11094,RES_16052026_01727,503,2026-06-05,open,Premium Suite,1661.34,2,2,0,0,0,571.43,f,0,0.00,f,0,0.00,f,0,0.00,f,0,0.00,1918.85,1662.34,1661.34,0,0,0,360.00,420.00,480.00,f,0,0.00,1.00,1.00,reserved,Sherab Dorji,f,0,0.00,multiple,0,0,f
11095,RES_16052026_01727,503,2026-06-11,open,Premium Suite,4780.34,2,2,0,0,0,571.43,f,0,0.00,f,0,0.00,f,0,0.00,f,0,0.00,5521.29,1662.34,4780.34,0,0,0,360.00,420.00,480.00,f,0,0.00,1.00,1.00,reserved,Sherab Dorji,f,0,0.00,multiple,0,0,f
11503,RES_06062026_01850,7032,2026-06-11,open,Family Apartment(Twin),1662.34,2,2,0,0,0,935.06,f,0,0.00,f,0,0.00,f,0,0.00,f,0,0.00,3450.01,1662.34,2987.02,2,0,2,277.06,385.28,385.28,f,0,0.00,1.00,1.00,reserved,,t,2,1324.68,single,0,0,f
11504,RES_06062026_01850,7031,2026-06-11,open,Family Apartment(King),1662.34,2,2,0,0,0,935.06,f,0,0.00,f,0,0.00,f,0,0.00,f,0,0.00,3450.01,1662.34,2987.02,2,0,2,277.06,385.28,385.28,f,0,0.00,1.00,1.00,reserved,,t,2,1324.68,single,0,0,f
11505,RES_06062026_01850,6031,2026-06-11,open,Family Apartment(King),1662.34,2,2,0,0,0,935.06,f,0,0.00,f,0,0.00,f,0,0.00,f,0,0.00,3450.01,1662.34,2987.02,2,0,2,277.06,385.28,385.28,f,0,0.00,1.00,1.00,reserved,,t,2,1324.68,single,0,0,f
11506,RES_06062026_01850,6032,2026-06-11,open,Family Apartment(Twin),1662.34,2,2,0,0,0,935.06,f,0,0.00,f,0,0.00,f,0,0.00,f,0,0.00,3450.01,1662.34,2987.02,2,0,2,277.06,385.28,385.28,f,0,0.00,1.00,1.00,reserved,,t,2,1324.68,single,0,0,f
11511,RES_06062026_01851,301,2026-06-11,open,Standard Single,1714.29,2,2,0,0,0,990.00,f,0,0.00,f,0,0.00,f,0,0.00,f,0,0.00,1980.00,1650.00,1714.29,0,0,0,0.00,0.00,0.00,f,0,0.00,1.00,1.00,reserved,GM,f,0,0.00,single,0,0,f
11512,RES_06062026_01852,201,2026-06-06,open,Suite,2285.71,3,2,1,1,1,935.06,f,0,0.00,f,0,0.00,f,0,0.00,f,0,0.00,6239.98,2285.71,5402.58,3,0,3,311.69,415.58,415.58,f,0,0.00,1.00,1.00,reserved,GM,t,3,2181.81,single,0,0,f
11195,RES_21052026_01759,701,2026-06-01,open,Deluxe Studio Apartment,1662.34,3,2,1,0,0,1038.96,f,0,0.00,f,0,0.00,f,0,0.00,f,0,0.00,3400.02,1662.34,2943.74,2,0,2,277.06,363.64,363.64,f,0,0.00,1.00,1.00,reserved,,t,2,1281.40,single,0,1,f
10845,RES_07052026_01653,306,2026-06-05,open,Deluxe Double,1662.34,2,2,0,0,0,571.43,f,0,0.00,f,0,0.00,f,0,0.00,f,0,0.00,3200.00,1662.34,2770.56,2,0,2,207.79,346.32,346.32,f,0,0.00,1.00,1.00,reserved,,t,2,1108.22,multiple,0,0,f
10846,RES_07052026_01653,302,2026-06-11,open,Standard Double,1662.34,3,3,0,0,1,571.43,f,0,0.00,f,0,0.00,f,0,0.00,f,0,0.00,4500.00,1662.34,3896.10,3,0,3,207.79,346.32,346.32,f,0,0.00,1.00,1.00,reserved,,t,3,1662.33,multiple,0,0,f
10847,RES_07052026_01653,306,2026-06-11,open,Deluxe Double,1662.34,2,2,0,0,0,571.43,f,0,0.00,f,0,0.00,f,0,0.00,f,0,0.00,3200.00,1662.34,2770.56,2,0,2,207.79,346.32,346.32,f,0,0.00,1.00,1.00,reserved,,t,2,1108.22,multiple,0,0,f
10822,RES_06052026_01645,204,2026-06-05,close,Deluxe Double,1662.34,2,2,0,0,0,935.06,f,0,0.00,t,2,720.00,f,0,0.00,f,0,0.00,2751.60,1662.34,2382.34,0,0,0,360.00,420.00,480.00,f,0,0.00,1.00,1.00,reserved,,f,0,0.00,single,0,0,f
10823,RES_06052026_01645,205,2026-06-05,close,Deluxe Double,1662.34,3,2,1,1,1,935.06,f,0,0.00,t,3,1080.00,f,0,0.00,f,0,0.00,4247.40,1662.34,3677.40,0,0,0,360.00,420.00,480.00,f,0,0.00,1.00,1.00,reserved,,f,0,0.00,single,0,0,f
10824,RES_06052026_01645,206,2026-06-05,close,Deluxe Double,1662.34,3,3,0,0,1,935.06,f,0,0.00,t,3,1080.00,f,0,0.00,f,0,0.00,4247.40,1662.34,3677.40,0,0,0,360.00,420.00,480.00,f,0,0.00,1.00,1.00,reserved,,f,0,0.00,single,0,0,f
11196,RES_22052026_01760,6031,2026-05-31,close,Family Apartment(King),1662.34,1,1,0,0,0,935.06,f,0,0.00,t,1,277.06,f,0,0.00,f,0,0.00,2240.01,1662.34,1939.40,0,0,0,277.06,385.28,385.28,f,0,0.00,1.00,1.00,reserved,,f,0,0.00,single,0,0,f
11197,RES_22052026_01760,6032,2026-05-31,close,Family Apartment(Twin),1662.34,3,3,0,0,1,935.06,f,0,0.00,t,3,831.18,f,0,0.00,f,0,0.00,3960.01,1662.34,3428.58,0,0,0,277.06,385.28,385.28,f,0,0.00,1.00,1.00,reserved,,f,0,0.00,single,0,0,f
11198,RES_22052026_01760,701,2026-05-31,close,Deluxe Studio Apartment,1662.34,1,1,0,0,0,935.06,f,0,0.00,t,1,277.06,f,0,0.00,f,0,0.00,2240.01,1662.34,1939.40,0,0,0,277.06,385.28,385.28,f,0,0.00,1.00,1.00,reserved,,f,0,0.00,single,0,0,f
11312,RES_27052026_01789,7031,2026-06-06,open,Family Apartment(King),1351.00,2,2,0,0,0,692.64,f,0,0.00,t,2,554.12,f,0,0.00,f,0,0.00,2200.41,1662.34,1905.12,2,0,0,277.06,363.64,363.64,f,0,0.00,1.00,1.00,reserved,Sherab Dorji,f,0,0.00,single,0,0,f
11313,RES_27052026_01789,7032,2026-06-06,open,Family Apartment(Twin),1351.00,2,2,0,0,0,692.64,f,0,0.00,t,2,554.12,f,0,0.00,f,0,0.00,2200.41,1662.34,1905.12,2,0,0,277.06,363.64,363.64,f,0,0.00,1.00,1.00,reserved,Sherab Dorji,f,0,0.00,single,0,0,f
11314,RES_27052026_01789,601,2026-06-06,open,Deluxe Studio Apartment,1351.00,2,2,0,0,0,692.64,f,0,0.00,t,2,554.12,f,0,0.00,f,0,0.00,2200.41,1662.34,1905.12,2,0,0,277.06,363.64,363.64,f,0,0.00,1.00,1.00,reserved,Sherab Dorji,f,0,0.00,single,0,0,f
11315,RES_27052026_01789,602,2026-06-06,open,Executive Apartment,1351.00,2,2,0,0,0,692.64,f,0,0.00,t,2,554.12,f,0,0.00,f,0,0.00,2200.41,1662.34,1905.12,2,0,0,277.06,363.64,363.64,f,0,0.00,1.00,1.00,reserved,Sherab Dorji,f,0,0.00,single,0,0,f
11316,RES_27052026_01789,701,2026-06-06,open,Deluxe Studio Apartment,1351.00,2,2,0,0,0,692.64,f,0,0.00,t,2,554.12,f,0,0.00,f,0,0.00,2200.41,1662.34,1905.12,2,0,0,277.06,363.64,363.64,f,0,0.00,1.00,1.00,reserved,Sherab Dorji,f,0,0.00,single,0,0,f
11317,RES_27052026_01789,702,2026-06-06,open,Executive Apartment,1350.00,2,2,0,0,0,692.64,f,0,0.00,t,2,554.12,f,0,0.00,f,0,0.00,2199.26,1662.34,1904.12,2,0,0,277.06,363.64,363.64,f,0,0.00,1.00,1.00,reserved,Sherab Dorji,f,0,0.00,single,0,0,f
11308,RES_27052026_01788,306,2026-06-06,open,Deluxe Double,1559.00,2,2,0,0,0,692.64,f,0,0.00,t,2,346.32,f,0,0.00,f,0,0.00,2200.64,1662.34,1905.32,0,0,0,173.16,363.64,363.64,f,0,0.00,1.00,1.00,reserved,,f,0,0.00,single,0,0,f
11199,RES_22052026_01760,702,2026-05-31,close,Executive Apartment,1662.34,3,3,0,0,1,935.06,f,0,0.00,t,3,831.18,f,0,0.00,f,0,0.00,3960.01,1662.34,3428.58,0,0,0,277.06,385.28,385.28,f,0,0.00,1.00,1.00,reserved,,f,0,0.00,single,0,0,f
11200,RES_22052026_01760,5051,2026-05-31,close,Family Apartment(King),1662.34,1,1,0,0,0,935.06,f,0,0.00,t,1,277.06,f,0,0.00,f,0,0.00,2240.01,1662.34,1939.40,0,0,0,277.06,385.28,385.28,f,0,0.00,1.00,1.00,reserved,,f,0,0.00,single,0,0,f
11201,RES_22052026_01760,5052,2026-05-31,close,Family Apartment(Twin),1662.34,2,2,0,0,0,935.06,f,0,0.00,t,2,554.12,f,0,0.00,f,0,0.00,2560.01,1662.34,2216.46,2,0,0,277.06,385.28,385.28,f,0,0.00,1.00,1.00,reserved,,f,0,0.00,single,0,0,f
11514,RES_07062026_01854,204,2026-06-08,open,Deluxe Double,1662.34,3,3,0,0,1,571.43,f,0,0.00,f,0,0.00,f,0,0.00,f,0,0.00,4500.00,1662.34,3896.10,3,0,3,207.79,346.32,346.32,f,0,0.00,1.00,1.00,reserved,,t,3,1662.33,multiple,0,0,f
11515,RES_07062026_01854,205,2026-06-12,open,Deluxe Double,1662.34,3,3,0,0,1,571.43,f,0,0.00,f,0,0.00,f,0,0.00,f,0,0.00,4500.00,1662.34,3896.10,3,0,3,207.79,346.32,346.32,f,0,0.00,1.00,1.00,reserved,,t,3,1662.33,multiple,0,0,f
11119,RES_17052026_01729,303,2026-05-31,close,Standard Double,1662.34,2,2,0,0,0,935.06,f,0,0.00,f,0,0.00,f,0,0.00,f,0,0.00,3500.01,1662.34,3030.31,0,0,0,277.06,420.00,406.93,f,0,0.00,1.00,1.00,reserved,,t,2,1367.97,single,0,0,f
11120,RES_17052026_01729,302,2026-05-31,close,Standard Double,1662.34,2,2,0,0,0,935.06,f,0,0.00,f,0,0.00,f,0,0.00,f,0,0.00,3500.01,1662.34,3030.31,0,0,0,277.06,420.00,406.93,f,0,0.00,1.00,1.00,reserved,,t,2,1367.97,single,0,0,f
11520,RES_07062026_01855,5051,2026-06-12,open,Family Apartment(King),1662.34,2,2,0,0,0,571.43,f,0,0.00,f,0,0.00,f,0,0.00,f,0,0.00,3200.00,1662.34,2770.56,2,0,2,207.79,346.32,346.32,f,0,0.00,1.00,1.00,reserved,,t,2,1108.22,multiple,0,0,f
11518,RES_07062026_01855,206,2026-06-07,open,Deluxe Double,1662.34,2,2,0,0,0,571.43,f,0,0.00,f,0,0.00,f,0,0.00,f,0,0.00,3200.00,1662.34,2770.56,2,0,2,207.79,346.32,346.32,f,0,0.00,1.00,1.00,reserved,,t,2,1108.22,multiple,0,0,f
11516,RES_07062026_01855,204,2026-06-07,open,Deluxe Double,1662.34,3,3,0,0,1,571.43,f,0,0.00,f,0,0.00,f,0,0.00,f,0,0.00,4500.00,1662.34,3896.10,3,0,3,207.79,346.32,346.32,f,0,0.00,1.00,1.00,reserved,,t,3,1662.33,multiple,0,0,f
11519,RES_07062026_01855,502,2026-06-12,open,Executive Apartment,1662.34,3,3,0,0,1,571.43,f,0,0.00,f,0,0.00,f,0,0.00,f,0,0.00,4500.00,1662.34,3896.10,3,0,3,207.79,346.32,346.32,f,0,0.00,1.00,1.00,reserved,,t,3,1662.33,multiple,0,0,f
11517,RES_07062026_01855,205,2026-06-07,open,Deluxe Double,1662.34,2,2,0,0,0,571.43,f,0,0.00,f,0,0.00,f,0,0.00,f,0,0.00,3200.00,1662.34,2770.56,2,0,2,207.79,346.32,346.32,f,0,0.00,1.00,1.00,reserved,,t,2,1108.22,multiple,0,0,f
11166,RES_19052026_01746,601,2026-06-07,open,Deluxe Studio Apartment,1662.34,2,2,0,0,0,658.01,f,0,0.00,f,0,0.00,f,0,0.00,f,0,0.00,3800.00,1662.34,3290.04,2,0,2,354.98,458.87,458.87,f,0,0.00,1.00,1.00,reserved,,t,2,1627.70,single,0,0,f
11521,RES_07062026_01855,5052,2026-06-12,open,Family Apartment(Twin),1662.34,2,2,0,0,0,571.43,f,0,0.00,f,0,0.00,f,0,0.00,f,0,0.00,3200.00,1662.34,2770.56,2,0,2,207.79,346.32,346.32,f,0,0.00,1.00,1.00,reserved,,t,2,1108.22,multiple,0,0,f
10469,RES_22042026_01551,304,2026-05-31,open,Executive,1662.34,2,2,0,0,0,588.74,f,0,0.00,f,0,0.00,f,0,0.00,f,0,0.00,3200.00,1662.34,2770.56,0,0,0,207.79,346.32,346.32,f,0,0.00,1.00,1.00,reserved,,t,2,1108.22,multiple,0,0,f
10470,RES_22042026_01551,307,2026-05-31,open,Deluxe Double,1662.34,2,2,0,0,0,588.74,f,0,0.00,f,0,0.00,f,0,0.00,f,0,0.00,3200.00,1662.34,2770.56,2,0,2,207.79,346.32,346.32,f,0,0.00,1.00,1.00,reserved,,t,2,1108.22,multiple,0,0,f
10471,RES_22042026_01551,304,2026-06-05,open,Executive,1917.40,2,2,0,0,0,588.74,f,0,0.00,f,0,0.00,f,0,0.00,f,0,0.00,3000.00,1662.34,2597.40,2,0,2,207.79,346.32,346.32,f,0,0.00,1.00,1.00,reserved,,t,2,680.00,multiple,0,0,f
10472,RES_22042026_01551,303,2026-06-05,open,Standard Double,1917.40,2,2,0,0,0,588.74,f,0,0.00,f,0,0.00,f,0,0.00,f,0,0.00,3000.00,1662.34,2597.40,2,0,2,207.79,346.32,346.32,f,0,0.00,1.00,1.00,reserved,,t,2,680.00,multiple,0,0,f
11526,RES_08062026_01857,301,2026-06-08,close,Standard Single,1558.50,1,1,0,0,0,900.00,f,0,0.00,f,0,0.00,f,0,0.00,f,0,0.00,1800.07,1500.00,1558.50,0,0,0,0.00,0.00,0.00,f,0,0.00,1.00,1.00,reserved,Pushpa Maya Mongar,f,0,0.00,single,0,0,f
11527,RES_30052026_01817,304,2026-06-08,open,Executive,1662.34,3,3,0,0,1,502.16,f,0,0.00,f,0,0.00,f,0,0.00,f,0,0.00,2500.00,1662.34,2164.50,0,0,0,360.00,420.00,480.00,f,0,0.00,1.00,1.00,reserved,,f,0,0.00,single,0,0,f
11528,RES_30052026_01817,305,2026-06-08,open,Deluxe Double,1662.34,2,2,0,0,0,502.16,f,0,0.00,f,0,0.00,f,0,0.00,f,0,0.00,1920.00,1662.34,1662.34,0,0,0,360.00,420.00,480.00,f,0,0.00,1.00,1.00,reserved,,f,0,0.00,single,0,0,f
11529,RES_08062026_01858,303,2026-06-08,close,Standard Double,1851.94,2,2,0,0,0,900.00,f,0,0.00,f,0,0.00,f,0,0.00,f,0,0.00,2138.99,1800.00,1851.94,0,0,0,0.00,0.00,0.00,f,0,0.00,1.00,1.00,reserved,Pushpa Maya Mongar,f,0,0.00,single,0,0,f
10493,RES_22042026_01558,501,2026-06-09,open,Deluxe Studio Apartment,1662.34,3,3,0,0,1,588.74,f,0,0.00,t,3,831.18,f,0,0.00,f,0,0.00,3560.01,1662.34,3082.26,3,0,0,277.06,363.64,363.64,f,0,0.00,1.00,1.00,reserved,,f,0,0.00,multiple,0,0,f
10492,RES_22042026_01558,501,2026-06-04,open,Deluxe Studio Apartment,1662.34,3,3,0,0,1,588.74,f,0,0.00,t,3,831.18,f,0,0.00,f,0,0.00,3560.01,1662.34,3082.26,3,0,0,277.06,363.64,363.64,f,0,0.00,1.00,1.00,reserved,,f,0,0.00,multiple,0,0,f
11533,RES_30052026_01817,203,2026-06-08,open,Standard Double,1662.34,0,0,0,0,0,502.16,f,0,0.00,f,0,0.00,f,0,0.00,f,0,0.00,1920.00,1662.34,1662.34,0,0,0,360.00,420.00,480.00,f,0,0.00,1.00,1.00,reserved,,f,0,0.00,single,0,0,f
11153,RES_18052026_01735,305,2026-06-04,close,Deluxe Double,1662.34,2,2,0,0,0,935.06,f,0,0.00,f,0,0.00,f,0,0.00,f,0,0.00,3860.40,1662.34,3342.34,0,0,0,360.00,420.00,480.00,f,0,0.00,1.00,1.00,reserved,,t,2,1680.00,multiple,0,0,f
11537,RES_30052026_01817,302,2026-06-08,open,Standard Double,1662.34,0,0,0,0,0,502.16,f,0,0.00,f,0,0.00,f,0,0.00,f,0,0.00,1920.00,1662.34,1662.34,0,0,0,360.00,420.00,480.00,f,0,0.00,1.00,1.00,reserved,,f,0,0.00,single,0,0,f
11154,RES_18052026_01735,306,2026-06-04,close,Deluxe Double,1662.34,2,2,0,0,0,935.06,f,0,0.00,f,0,0.00,f,0,0.00,f,0,0.00,3860.40,1662.34,3342.34,0,0,0,360.00,420.00,480.00,f,0,0.00,1.00,1.00,reserved,,t,2,1680.00,multiple,0,0,f
11155,RES_18052026_01735,504,2026-06-09,close,Premium Suite,1348.34,2,2,0,0,0,935.06,f,0,0.00,f,0,0.00,f,0,0.00,f,0,0.00,3497.73,1662.34,3028.34,0,0,0,360.00,420.00,480.00,f,0,0.00,1.00,1.00,reserved,,t,2,1680.00,multiple,0,0,f
11532,RES_30052026_01817,206,2026-06-08,open,Deluxe Double,1662.34,0,0,0,0,0,502.16,f,0,0.00,f,0,0.00,f,0,0.00,f,0,0.00,1920.00,1662.34,1662.34,0,0,0,360.00,420.00,480.00,f,0,0.00,1.00,1.00,reserved,,f,0,0.00,single,0,0,f
11534,RES_30052026_01817,202,2026-06-08,open,Standard Double,1662.34,0,0,0,0,0,502.16,f,0,0.00,f,0,0.00,f,0,0.00,f,0,0.00,1920.00,1662.34,1662.34,0,0,0,360.00,420.00,480.00,f,0,0.00,1.00,1.00,reserved,,f,0,0.00,single,0,0,f
11535,RES_30052026_01817,306,2026-06-08,open,Deluxe Double,1662.34,0,0,0,0,0,502.16,f,0,0.00,f,0,0.00,f,0,0.00,f,0,0.00,1920.00,1662.34,1662.34,0,0,0,360.00,420.00,480.00,f,0,0.00,1.00,1.00,reserved,,f,0,0.00,single,0,0,f
11536,RES_30052026_01817,307,2026-06-08,open,Deluxe Double,1662.34,0,0,0,0,0,502.16,f,0,0.00,f,0,0.00,f,0,0.00,f,0,0.00,1920.00,1662.34,1662.34,0,0,0,360.00,420.00,480.00,f,0,0.00,1.00,1.00,reserved,,f,0,0.00,single,0,0,f
11163,RES_19052026_01746,6031,2026-06-07,open,Family Apartment(King),1662.34,2,2,0,0,0,658.01,f,0,0.00,f,0,0.00,f,0,0.00,f,0,0.00,3800.00,1662.34,3290.04,2,0,2,354.98,458.87,458.87,f,0,0.00,1.00,1.00,reserved,,t,2,1627.70,single,0,0,f
11164,RES_19052026_01746,6032,2026-06-07,open,Family Apartment(Twin),1662.34,2,2,0,0,0,658.01,f,0,0.00,f,0,0.00,f,0,0.00,f,0,0.00,3800.00,1662.34,3290.04,2,0,2,354.98,458.87,458.87,f,0,0.00,1.00,1.00,reserved,,t,2,1627.70,single,0,0,f
11165,RES_19052026_01746,602,2026-06-07,open,Executive Apartment,1662.34,2,2,0,0,0,658.01,f,0,0.00,f,0,0.00,f,0,0.00,f,0,0.00,3800.00,1662.34,3290.04,2,0,2,354.98,458.87,458.87,f,0,0.00,1.00,1.00,reserved,,t,2,1627.70,single,0,0,f
11569,RES_11062026_01872,202,2026-06-11,close,Standard Double,1870.10,0,0,0,0,0,900.00,f,0,0.00,f,0,0.00,f,0,0.00,f,0,0.00,2159.97,1662.34,1870.10,0,0,0,0.00,0.00,0.00,f,0,0.00,1.00,1.00,reserved,Raj Man Rai,f,0,0.00,single,0,0,f
11555,RES_09062026_01866,503,2026-06-10,open,Premium Suite,2285.71,2,2,0,0,0,935.06,f,0,0.00,f,0,0.00,f,0,0.00,f,0,0.00,4319.99,2285.71,3740.25,2,0,2,311.69,415.58,415.58,f,0,0.00,1.00,1.00,reserved,GM,t,2,1454.54,single,0,0,f
11556,RES_09062026_01866,504,2026-06-10,open,Premium Suite,2285.71,2,1,1,0,0,935.06,f,0,0.00,f,0,0.00,f,0,0.00,f,0,0.00,4067.99,2285.71,3522.07,2,0,2,311.69,415.58,415.58,f,0,0.00,1.00,1.00,reserved,GM,t,2,1236.36,single,1,0,f
11560,RES_10062026_01867,206,2026-06-12,open,Deluxe Double,1766.23,2,2,0,0,0,571.43,f,0,0.00,f,0,0.00,f,0,0.00,f,0,0.00,2999.99,1766.23,2597.39,2,0,2,121.21,294.37,294.37,f,0,0.00,1.00,1.00,reserved,GM,t,2,831.16,single,0,0,f
11561,RES_10062026_01868,202,2026-06-10,open,Standard Double,1870.13,1,1,0,0,0,900.00,f,0,0.00,f,0,0.00,f,0,0.00,f,0,0.00,2160.00,1800.00,1870.13,0,0,0,0.00,0.00,0.00,f,0,0.00,1.00,1.00,reserved,Pushpa Maya Mongar,f,0,0.00,single,0,0,f
11507,RES_06062026_01850,602,2026-06-11,open,Executive Apartment,1662.34,2,2,0,0,0,935.06,f,0,0.00,f,0,0.00,f,0,0.00,f,0,0.00,3450.01,1662.34,2987.02,2,0,2,277.06,385.28,385.28,f,0,0.00,1.00,1.00,reserved,,t,2,1324.68,single,0,0,f
11508,RES_06062026_01850,601,2026-06-11,open,Deluxe Studio Apartment,1662.34,2,2,0,0,0,935.06,f,0,0.00,f,0,0.00,f,0,0.00,f,0,0.00,3450.01,1662.34,2987.02,2,0,2,277.06,385.28,385.28,f,0,0.00,1.00,1.00,reserved,,t,2,1324.68,single,0,0,f
11509,RES_06062026_01850,701,2026-06-11,open,Deluxe Studio Apartment,1662.34,2,2,0,0,0,935.06,f,0,0.00,f,0,0.00,f,0,0.00,f,0,0.00,3450.01,1662.34,2987.02,2,0,2,277.06,385.28,385.28,f,0,0.00,1.00,1.00,reserved,,t,2,1324.68,single,0,0,f
11510,RES_06062026_01850,702,2026-06-11,open,Executive Apartment,1662.34,2,2,0,0,0,935.06,f,0,0.00,f,0,0.00,f,0,0.00,f,0,0.00,3450.01,1662.34,2987.02,2,0,2,277.06,385.28,385.28,f,0,0.00,1.00,1.00,reserved,,t,2,1324.68,single,0,0,f
11156,RES_18052026_01735,503,2026-06-09,close,Premium Suite,2062.00,2,2,0,0,0,935.06,f,0,0.00,f,0,0.00,f,0,0.00,f,0,0.00,4322.01,1662.34,3742.00,0,0,0,360.00,420.00,480.00,f,0,0.00,1.00,1.00,reserved,,t,2,1680.00,multiple,0,0,f
10826,RES_06052026_01646,303,2026-06-10,close,Standard Double,1662.34,2,2,0,0,0,935.06,f,0,0.00,f,0,0.00,f,0,0.00,f,0,0.00,3450.01,1662.34,2987.02,2,0,2,277.06,385.28,385.28,f,0,0.00,1.00,1.00,reserved,Ugyen Dema,t,2,1324.68,single,0,0,f
10827,RES_06052026_01646,304,2026-06-10,close,Executive,1662.34,2,2,0,0,0,935.06,f,0,0.00,f,0,0.00,f,0,0.00,f,0,0.00,3450.01,1662.34,2987.02,2,0,2,277.06,385.28,385.28,f,0,0.00,1.00,1.00,reserved,Ugyen Dema,t,2,1324.68,single,0,0,f
10828,RES_06052026_01646,305,2026-06-10,close,Deluxe Double,1662.34,3,2,1,1,1,935.06,f,0,0.00,f,0,0.00,f,0,0.00,f,0,0.00,5295.01,1662.34,4584.42,3,0,3,277.06,385.28,385.28,f,0,0.00,1.00,1.00,reserved,Ugyen Dema,t,3,1987.02,single,0,0,f
10829,RES_06052026_01646,306,2026-06-10,close,Deluxe Double,1662.34,3,3,0,0,1,935.06,f,0,0.00,f,0,0.00,f,0,0.00,f,0,0.00,5295.01,1662.34,4584.42,3,0,3,277.06,385.28,385.28,f,0,0.00,1.00,1.00,reserved,Ugyen Dema,t,3,1987.02,single,0,0,f
10551,RES_24042026_01570,307,2026-06-04,open,Deluxe Double,1964.55,3,3,0,0,1,588.74,f,0,0.00,t,3,200.00,f,0,0.00,f,0,0.00,3180.05,1662.34,2753.29,0,0,0,173.16,346.32,346.32,f,0,0.00,1.00,1.00,reserved,,f,0,0.00,single,0,0,f
10557,RES_25042026_01574,503,2026-06-06,open,Premium Suite,1502.34,3,2,1,0,0,779.22,f,0,0.00,f,0,0.00,f,0,0.00,f,0,0.00,3265.19,1662.34,2827.00,2,0,2,290.04,372.29,372.29,f,0,0.00,1.00,1.00,reserved,,t,2,1324.66,multiple,0,1,f
10558,RES_25042026_01574,504,2026-06-06,open,Premium Suite,1248.34,2,2,0,0,0,779.22,f,0,0.00,f,0,0.00,f,0,0.00,f,0,0.00,2971.82,1662.34,2573.00,2,0,2,290.04,372.29,372.29,f,0,0.00,1.00,1.00,reserved,,t,2,1324.66,multiple,0,0,f
10559,RES_25042026_01574,503,2026-06-12,open,Premium Suite,1267.34,3,2,1,0,0,779.22,f,0,0.00,f,0,0.00,f,0,0.00,f,0,0.00,2993.76,1662.34,2592.00,2,0,2,290.04,372.29,372.29,f,0,0.00,1.00,1.00,reserved,,t,2,1324.66,multiple,0,1,f
10560,RES_25042026_01574,504,2026-06-12,open,Premium Suite,8000.00,2,2,0,0,0,779.22,f,0,0.00,f,0,0.00,f,0,0.00,f,0,0.00,10769.98,1662.34,9324.66,2,0,2,290.04,372.29,372.29,f,0,0.00,1.00,1.00,reserved,,t,2,1324.66,multiple,0,0,f
10618,RES_26042026_01583,304,2026-06-06,open,Executive,1662.34,2,2,0,0,0,935.06,f,0,0.00,f,0,0.00,f,0,0.00,f,0,0.00,3440.01,1662.34,2978.36,2,0,2,268.40,389.61,389.61,f,0,0.00,1.00,1.00,reserved,Sherab Dorji,t,2,1316.02,multiple,0,0,f
10619,RES_26042026_01583,303,2026-06-06,open,Standard Double,1662.34,2,2,0,0,0,935.06,f,0,0.00,f,0,0.00,f,0,0.00,f,0,0.00,3440.01,1662.34,2978.36,2,0,2,268.40,389.61,389.61,f,0,0.00,1.00,1.00,reserved,Sherab Dorji,t,2,1316.02,multiple,0,0,f
10620,RES_26042026_01583,303,2026-06-11,open,Standard Double,1662.34,2,2,0,0,0,935.06,f,0,0.00,f,0,0.00,f,0,0.00,f,0,0.00,3440.01,1662.34,2978.36,2,0,2,268.40,389.61,389.61,f,0,0.00,1.00,1.00,reserved,Sherab Dorji,t,2,1316.02,multiple,0,0,f
10621,RES_26042026_01583,304,2026-06-11,open,Executive,1697.34,2,2,0,0,0,935.06,f,0,0.00,f,0,0.00,f,0,0.00,f,0,0.00,3480.43,1662.34,3013.36,2,0,2,268.40,389.61,389.61,f,0,0.00,1.00,1.00,reserved,Sherab Dorji,t,2,1316.02,multiple,0,0,f
